area_name,number_minorities,number_ethnicities,diversity,area_code,deprivation_score,quantile
North Somerset,17,18,high,E06000024,-3.3732701757954473,0
South Gloucestershire,17,18,high,E06000025,-4.078077446962489,0
Solihull,17,18,high,E08000029,-2.656196381830285,0
Stratford-on-Avon,17,18,high,E07000221,-4.573109505742572,0
Arun,17,18,high,E07000224,-3.342203410537027,0
Horsham,17,18,high,E07000227,-3.71378869589664,0
Mid Sussex,17,18,high,E07000228,-4.958911015978415,0
Bromsgrove,17,18,high,E07000234,-3.2011504065442584,0
Wychavon,17,18,high,E07000238,-2.7411451535410403,0
Suffolk Coastal,17,18,high,E07000205,-4.334184898275221,0
Mole Valley,17,18,high,E07000210,-2.945688137130606,0
Reigate and Banstead,17,18,high,E07000211,-3.01195117233428,0
Surrey Heath,17,18,high,E07000214,-3.8204290418178104,0
Tandridge,17,18,high,E07000215,-2.612028229400869,0
Mendip,17,18,high,E07000187,-3.394914680168254,0
Sedgemoor,17,18,high,E07000188,-3.119533315370287,0
Stafford,17,18,high,E07000197,-2.6522108815235335,0
West Berkshire,17,18,high,E06000037,-2.9510595493446754,0
Wokingham,17,18,high,E06000041,-4.217060513564727,0
Rushcliffe,17,18,high,E07000176,-5.674054596570279,0
Cherwell,17,18,high,E07000177,-2.9479533565067233,0
South Oxfordshire,17,18,high,E07000179,-3.980369471164927,0
Vale of White Horse,17,18,high,E07000180,-2.8823325248733873,0
West Oxfordshire,17,18,high,E07000181,-3.411298829076332,0
Broadland,17,18,high,E07000144,-5.482116935171236,0
King's Lynn and West Norfolk,17,18,high,E07000146,-2.802324069899399,0
South Norfolk,17,18,high,E07000149,-2.6136719647622417,0
Daventry,17,18,high,E07000151,-3.443346264894037,0
South Northamptonshire,17,18,high,E07000155,-4.912793561081014,0
Hambleton,17,18,high,E07000164,-3.6239974404525865,0
Harrogate,17,18,high,E07000165,-4.022145289300928,0
Blaby,17,18,high,E07000129,-3.6694821690502883,0
Charnwood,17,18,high,E07000130,-4.253044702869307,0
Hinckley and Bosworth,17,18,high,E07000132,-2.6975317657061977,0
North West Leicestershire,17,18,high,E07000134,-2.603667509654169,0
Breckland,17,18,high,E07000143,-2.9757476103395577,0
Cheshire East,17,18,high,E06000049,-4.9311604667275475,0
Cheshire West and Chester,17,18,high,E06000050,-2.6371235339848926,0
Shropshire,17,18,high,E06000051,-3.2696217135203622,0
Cornwall,17,18,high,E06000052,-3.726539095525816,0
Wiltshire,17,18,high,E06000054,-4.356471282143945,0
Central Bedfordshire,17,18,high,E06000056,-4.176732455828925,0
Chiltern,17,18,high,E07000005,-3.9453951508718,0
Huntingdonshire,17,18,high,E07000011,-2.9990944440482945,0
Tonbridge and Malling,17,18,high,E07000115,-4.286641170739797,0
Chorley,17,18,high,E07000118,-2.809109736816512,0
South Ribble,17,18,high,E07000126,-3.5954040299578915,0
East Hertfordshire,17,18,high,E07000097,-3.3974667661722093,0
Ashford,17,18,high,E07000105,-3.3689703201171515,0
Maidstone,17,18,high,E07000110,-3.3293398416054996,0
South Cambridgeshire,17,18,high,E07000012,-4.490966944710097,0
South Lakeland,17,18,high,E07000031,-3.9330073952731963,0
South Derbyshire,17,18,high,E07000039,-3.9762521089139584,0
East Devon,17,18,high,E07000040,-3.9281413866087305,0
Stroud,17,18,high,E07000082,-3.4289142292463293,0
Basingstoke and Deane,17,18,high,E07000084,-3.1215866790758233,0
East Hampshire,17,18,high,E07000085,-3.445987860705409,0
Eastleigh,17,18,high,E07000086,-3.8399480248394355,0
Fareham,17,18,high,E07000087,-4.203689916906388,0
Hart,17,18,high,E07000089,-4.517322523994997,0
New Forest,17,18,high,E07000091,-2.738936811561181,0
Test Valley,17,18,high,E07000093,-3.512399964143694,0
Winchester,17,18,high,E07000094,-4.475656070082773,0
Wealden,17,18,high,E07000065,-3.920245329890785,0
Chelmsford,17,18,high,E07000070,-3.111444151994757,0
Rochford,17,18,high,E07000075,-3.9899099782294574,0
Uttlesford,17,18,high,E07000077,-5.384813513474464,0
East Dorset,17,18,high,E07000049,-2.933483132410672,0
East Riding of Yorkshire,17,18,high,E06000011,-2.7621756160999587,0
Carmarthenshire,17,18,high,W06000010,-2.726989441173029,0
Warrington,17,18,high,E06000007,-2.1950342172898307,1
Flintshire,17,18,high,W06000005,-1.375474256534088,1
Purbeck,17,18,high,E07000051,-1.5865812026649575,1
West Dorset,17,18,high,E07000052,-2.287929058829087,1
Bath and North East Somerset,17,18,high,E06000022,-2.2334770501182986,1
West Devon,16,17,high,E07000047,-2.329790248804958,1
Poole,17,18,high,E06000029,-1.9564471182265906,1
Havering,17,18,high,E09000016,-1.7323651110238212,1
Teignbridge,17,18,high,E07000045,-1.3116272285754147,1
Tewkesbury,17,18,high,E07000083,-2.4615372950595695,1
North East Derbyshire,17,18,high,E07000038,-2.1009314931869145,1
Braintree,17,18,high,E07000067,-1.2253906564349728,1
Epping Forest,17,18,high,E07000072,-2.3167754271352456,1
Colchester,17,18,high,E07000071,-2.296212634508159,1
Cotswold,17,18,high,E07000079,-1.3900269204529776,1
Maldon,17,18,high,E07000074,-1.6523208586905656,1
Broxbourne,17,18,high,E07000095,-1.5387256371559963,1
Amber Valley,17,18,high,E07000032,-1.7716311476744677,1
Bedford,17,18,high,E06000055,-1.5971711295337514,1
South Kesteven,17,18,high,E07000141,-2.1142501309573296,1
Aylesbury Vale,17,18,high,E07000004,-1.8534128800082805,1
South Bucks,17,18,high,E07000006,-2.5112126797013334,1
Wycombe,17,18,high,E07000007,-1.4577751809401116,1
East Cambridgeshire,17,18,high,E07000009,-1.8268783350681053,1
Lancaster,17,18,high,E07000121,-1.5821366450251735,1
Tunbridge Wells,17,18,high,E07000116,-2.602894620538149,1
Ribble Valley,17,18,high,E07000124,-2.2208854556668833,1
North Hertfordshire,17,18,high,E07000099,-1.740260711781387,1
St Albans,17,18,high,E07000100,-2.365085809795466,1
Three Rivers,17,18,high,E07000102,-1.9511043947579942,1
Canterbury,17,18,high,E07000106,-1.520559657039914,1
Sevenoaks,17,18,high,E07000111,-2.0371230351409033,1
North Kesteven,17,18,high,E07000139,-2.0892503185741056,1
Harborough,17,18,high,E07000131,-1.6370758157637229,1
Wyre,17,18,high,E07000128,-1.6245290834459705,1
Richmond upon Thames,16,18,high,E09000027,-1.2618820287590349,1
Melton,16,17,high,E07000133,-1.4890793934383781,1
Ryedale,17,18,high,E07000167,-1.518200788486087,1
North Norfolk,17,18,high,E07000147,-2.3794703989577295,1
Gedling,17,18,high,E07000173,-1.7279459302578513,1
Selby,17,18,high,E07000169,-1.406882264399186,1
Northumberland,17,18,high,E06000048,-2.1329962514546903,1
Stockport,17,18,high,E08000007,-1.750768911596664,1
Dudley,17,18,high,E08000027,-1.216047290131502,1
Wigan,17,18,high,E08000010,-1.340866062247953,1
Bury,17,18,high,E08000002,-2.0889359623982413,1
Sutton,17,18,high,E09000029,-1.3325222954463984,1
Trafford,17,18,high,E08000009,-1.302075999947689,1
Guildford,17,18,high,E07000209,-1.5131012039838758,1
Epsom and Ewell,17,18,high,E07000208,-1.9452551111425893,1
Elmbridge,17,18,high,E07000207,-2.5699481540491416,1
St Edmundsbury,17,18,high,E07000204,-1.707052574565608,1
Mid Suffolk,17,18,high,E07000203,-1.9873103044853164,1
Chichester,17,18,high,E07000225,-1.6940528733527167,1
Warwick,17,18,high,E07000222,-1.9009922831095594,1
Spelthorne,17,18,high,E07000213,-2.2051968329720086,1
South Staffordshire,17,18,high,E07000196,-1.2848373260896073,1
Staffordshire Moorlands,17,18,high,E07000198,-2.538262152493623,1
Lichfield,16,17,high,E07000194,-1.7144823833163259,1
South Somerset,17,18,high,E07000189,-2.485233475924204,1
Waverley,17,18,high,E07000216,-2.4423267797888646,1
Bexley,17,18,high,E09000004,-1.8213849842577257,1
Bromley,17,18,high,E09000006,-1.3742413042899697,1
Windsor and Maidenhead,17,18,high,E06000040,-1.5024697553789934,1
Rutland,17,18,high,E06000017,-1.3477422689059964,1
Wyre Forest,17,18,high,E07000239,-1.626324971386194,1
Monmouthshire,17,18,high,W06000021,-1.3170161480278235,1
Powys,17,18,high,W06000023,-2.1038954240690315,1
"Herefordshire, County of",17,18,high,E06000019,-1.569037533071576,1
Richmondshire,17,18,high,E07000166,-1.1875327057863223,2
East Northamptonshire,17,18,high,E07000152,-0.9802564056746479,2
Broxtowe,17,18,high,E07000172,-0.41756254147143107,2
Ashfield,17,18,high,E07000170,-0.3076074196503762,2
Mansfield,17,18,high,E07000174,0.010108573261328191,2
Wakefield,17,18,high,E08000036,0.15377765961190903,2
Kirklees,17,18,high,E08000034,0.06122100758082982,2
Kingston upon Thames,17,18,high,E09000021,6.62684269359115e-05,2
South Holland,17,18,high,E07000140,-0.5728606667740301,2
East Lindsey,17,18,high,E07000137,-1.0126284481743404,2
Oadby and Wigston,16,18,high,E07000135,0.05718576160533373,2
Bassetlaw,17,18,high,E07000171,-0.7323982956781598,2
Kettering,17,18,high,E07000153,0.08243049876836983,2
Dartford,17,18,high,E07000107,-0.02721603017848684,2
Shepway,17,18,high,E07000112,-0.27526072221780684,2
Hertsmere,17,18,high,E07000098,-0.142400902081878,2
Welwyn Hatfield,17,18,high,E07000104,0.18356622697024838,2
Allerdale,17,18,high,E07000026,-1.178165992433389,2
Taunton Deane,17,18,high,E07000190,-0.644277438430783,2
Waveney,17,18,high,E07000206,-0.5107952011012153,2
Wirral,17,18,high,E08000015,-0.3771602420043495,2
Rugby,17,18,high,E07000220,-1.1998164240110418,2
Worthing,17,18,high,E07000229,-1.1825217154095933,2
Sefton,17,18,high,E08000014,-0.764468428151954,2
Conwy,17,18,high,W06000003,-0.47320843651510824,2
Isle of Anglesey,17,18,high,W06000001,-0.0007173357231638755,2
Gwynedd,17,18,high,W06000002,0.07045881902465678,2
Runnymede,17,18,high,E07000212,-1.1070113455835062,2
Tamworth,17,18,high,E07000199,0.12958311308266524,2
East Staffordshire,17,18,high,E07000193,-0.016441615364672493,2
Woking,17,18,high,E07000217,-1.1434387498050038,2
County Durham,17,18,high,E06000047,-0.9965092621476459,2
Newark and Sherwood,17,18,high,E07000175,-1.0549890062216538,2
Northampton,17,18,high,E07000154,-0.04738343431045655,2
West Lindsey,16,17,high,E07000142,-0.49555725808805295,2
West Lancashire,17,18,high,E07000127,-1.1573439867859423,2
Dacorum,17,18,high,E07000096,-0.3890323361181771,2
Erewash,17,18,high,E07000036,-0.2471958208659021,2
Rother,17,18,high,E07000064,-0.6544317329687457,2
Havant,17,18,high,E07000090,0.22018679579861467,2
Fenland,17,18,high,E07000010,-0.7431769656785031,2
Swale,17,18,high,E07000113,-1.0846005273686656,2
Fylde,17,18,high,E07000119,-0.8449237113594033,2
Forest of Dean,17,18,high,E07000080,-0.2008469781691259,2
Gosport,17,18,high,E07000088,0.075677278712862,2
Tendring,17,18,high,E07000076,0.19770522411930036,2
South Hams,17,18,high,E07000044,-0.5801342596270137,2
Castle Point,17,18,high,E07000069,0.01101887797102552,2
Exeter,17,18,high,E07000041,0.019537817714225136,2
Brentwood,17,18,high,E07000068,-1.2059896070230651,2
Basildon,17,18,high,E07000066,0.14128240045004647,2
North Devon,17,18,high,E07000043,-0.506800934295764,2
Torridge,16,17,high,E07000046,-0.9635942412384185,2
Torbay,17,18,high,E06000027,0.05475379204603337,2
Swindon,17,18,high,E06000030,-0.5712136141606193,2
Pembrokeshire,17,18,high,W06000009,-0.25879728514687733,2
Wrexham,17,18,high,W06000006,0.18043775955169278,2
Derbyshire Dales,17,18,high,E07000035,-0.7830977471013683,2
Carlisle,17,18,high,E07000028,-0.9769742351856364,2
North Lincolnshire,17,18,high,E06000013,-0.2460405654986496,2
York,17,18,high,E06000014,-1.1082665543272245,2
The Vale of Glamorgan,17,18,high,W06000014,-0.8083494201207119,2
Rhondda Cynon Taf,17,18,high,W06000016,-0.8239658152788251,2
Forest Heath,16,18,high,E07000201,0.07635089705877202,2
Medway,17,18,high,E06000035,-0.5925585142989698,2
Isle of Wight,17,18,high,E06000046,0.010237530249812221,2
Milton Keynes,17,18,high,E06000042,-1.0308485450804552,2
Nuneaton and Bedworth,17,18,high,E07000219,-1.1429446779422086,2
Newcastle-under-Lyme,17,18,high,E07000195,-1.0096704677464392,2
Bridgend,17,18,high,W06000013,-0.012741055640332899,2
Rossendale,17,18,high,E07000125,1.4187019919203223,3
Leeds,17,18,high,E08000035,0.7088455561805155,3
Bradford,16,18,high,E08000032,1.4969688420983298,3
Craven,17,18,high,E07000163,1.9456115274954051,3
Hyndburn,17,18,high,E07000120,0.6786611314760725,3
Scarborough,17,18,high,E07000168,0.8110039876665623,3
Wellingborough,17,18,high,E07000156,0.6187010172887488,3
Calderdale,17,18,high,E08000033,0.3712051393720674,3
Boston,17,18,high,E07000136,0.5298962433737824,3
Harrow,16,18,high,E09000015,1.4163772621692574,3
Hillingdon,16,18,high,E09000017,1.443681211477926,3
Peterborough,17,18,high,E06000031,0.6035921750931192,3
Mid Devon,17,18,high,E07000042,0.3513431104344806,3
Harlow,17,18,high,E07000073,1.181753013552664,3
Cheltenham,17,18,high,E07000078,0.9110152840688236,3
Gloucester,17,18,high,E07000081,0.9421887735784332,3
Rushmoor,17,18,high,E07000092,0.5002940506264183,3
Chesterfield,17,18,high,E07000034,0.8973469346390073,3
High Peak,17,18,high,E07000037,0.29928895667952315,3
Bolsover,16,17,high,E07000033,1.300972546598543,3
Barrow-in-Furness,17,18,high,E07000027,1.7123123303692296,3
Halton,17,18,high,E06000006,1.4361953431788284,3
Denbighshire,17,18,high,W06000004,0.8105325537009401,3
Darlington,17,18,high,E06000005,1.9910302756559206,3
Stockton-on-Tees,17,18,high,E06000004,0.7879838251550836,3
Neath Port Talbot,17,18,high,W06000012,0.46518562155043086,3
"Bristol, City of",17,18,high,E06000023,1.0638111540149855,3
Stoke-on-Trent,17,18,high,E06000021,1.9633061289273215,3
Bournemouth,17,18,high,E06000028,0.5507015424005921,3
Redcar and Cleveland,17,18,high,E06000003,1.4131995546943494,3
Stevenage,17,18,high,E07000101,1.5770278498933434,3
Dover,17,18,high,E07000108,1.3635633301349268,3
Gravesham,17,18,high,E07000109,0.4844598035263622,3
Pendle,17,18,high,E07000122,1.029493980744331,3
Thanet,17,18,high,E07000114,1.2213063706342988,3
Weymouth and Portland,17,18,high,E07000053,1.7423089651811736,3
Lewes,17,18,high,E07000063,0.5535870335014875,3
Swansea,17,18,high,W06000011,0.7987542396171026,3
Ceredigion,17,18,high,W06000008,0.48408982685684054,3
Plymouth,17,18,high,E06000026,0.8896362715709512,3
North Dorset,17,18,high,E07000050,0.3415268600702932,3
Bracknell Forest,17,18,high,E06000036,0.24014068304674396,3
Thurrock,17,18,high,E06000034,1.4988676363739555,3
Southend-on-Sea,17,18,high,E06000033,1.4024262200055062,3
Cannock Chase,17,18,high,E07000192,1.8687075380298483,3
West Somerset,17,18,high,E07000191,0.915781084679033,3
North Warwickshire,17,18,high,E07000218,0.3090190956991786,3
Babergh,17,18,high,E07000200,0.4081600671120546,3
Sheffield,17,18,high,E08000019,1.274128379752481,3
Barnsley,17,18,high,E08000016,0.37171276195754777,3
Doncaster,17,18,high,E08000017,1.0027251528681849,3
Rotherham,17,18,high,E08000018,0.22729171551402128,3
Ipswich,17,18,high,E07000202,1.5513039375223177,3
Coventry,17,18,high,E08000026,1.2452984137510485,3
North Tyneside,17,18,high,E08000022,0.5025193664714154,3
Tameside,17,18,high,E08000008,0.47576138655035705,3
Bolton,17,18,high,E08000001,0.2542739580512564,3
St. Helens,17,18,high,E08000013,1.5594161402829045,3
Worcester,17,18,high,E07000237,0.2809817545413156,3
Adur,17,18,high,E07000223,0.3804494941639264,3
Malvern Hills,17,18,high,E07000235,0.3991047880998665,3
Redditch,17,18,high,E07000236,0.9474882749811612,3
Telford and Wrekin,17,18,high,E06000020,0.41943918249841927,3
Derby,17,18,high,E06000015,1.9084234171712007,3
North East Lincolnshire,17,18,high,E06000012,1.7679289833647625,3
Caerphilly,17,18,high,W06000018,0.22081251622205067,3
Cardiff,17,18,high,W06000015,1.2438955207395224,3
Torfaen,17,18,high,W06000020,1.7342055468185367,3
Newport,17,18,high,W06000022,0.8791803264784754,3
Hartlepool,17,18,high,E06000001,3.624211494803335,4
Merthyr Tydfil,17,18,high,W06000024,3.8551355171151025,4
Blaenau Gwent,17,18,high,W06000019,4.818109206318564,4
Nottingham,17,18,high,E06000018,6.0677870400728935,4
Blackpool,17,18,high,E06000009,3.2537845968065224,4
"Kingston upon Hull, City of",17,18,high,E06000010,4.7619010691349875,4
Leicester,16,18,high,E06000016,5.3309239633018395,4
Southwark,15,18,high,E09000028,11.00192958020807,4
Tower Hamlets,15,18,high,E09000030,12.148142319496293,4
Waltham Forest,16,18,high,E09000031,6.712424604516122,4
Wandsworth,16,18,high,E09000032,4.261943575109545,4
Westminster,16,18,high,E09000033,8.510230763150394,4
South Tyneside,17,18,high,E08000023,2.968039557255862,4
Sunderland,17,18,high,E08000024,2.5315932240311527,4
Birmingham,17,18,high,E08000025,4.979207837664042,4
Sandwell,17,18,high,E08000028,4.130112952504291,4
Walsall,17,18,high,E08000030,2.755300532368706,4
Wolverhampton,17,18,high,E08000031,3.651360986062051,4
Manchester,17,18,high,E08000003,7.053816927328936,4
Oldham,17,18,high,E08000004,2.670482813859933,4
Rochdale,17,18,high,E08000005,3.1877066235141953,4
Salford,17,18,high,E08000006,2.727915327461197,4
Knowsley,17,18,high,E08000011,3.722589234979628,4
Liverpool,17,18,high,E08000012,5.351936806562433,4
Crawley,17,18,high,E07000226,2.127508335093159,4
Reading,17,18,high,E06000038,2.595373734440007,4
Barking and Dagenham,16,18,high,E09000002,7.88261497629955,4
Barnet,16,18,high,E09000003,2.0587122157545776,4
Brent,14,18,high,E09000005,8.133237489574583,4
Camden,16,18,high,E09000007,8.956707055851808,4
Croydon,17,18,high,E09000008,3.168856545632925,4
Ealing,15,18,high,E09000009,5.096424376338602,4
Enfield,16,18,high,E09000010,3.212093428792371,4
Greenwich,16,18,high,E09000011,6.187309986593885,4
Gateshead,17,18,high,E08000020,2.222229733027088,4
Newcastle upon Tyne,17,18,high,E08000021,3.419795729569167,4
Slough,15,18,high,E06000039,3.3685155466725245,4
Brighton and Hove,17,18,high,E06000043,2.7848552601811503,4
Portsmouth,17,18,high,E06000044,2.2468593492332802,4
Southampton,17,18,high,E06000045,3.771297155547542,4
Oxford,16,18,high,E07000178,3.5670016975641192,4
Great Yarmouth,17,18,high,E07000145,2.83799987476103,4
Norwich,17,18,high,E07000148,3.997014320457182,4
Corby,17,18,high,E07000150,3.5817666534277524,4
Hounslow,15,18,high,E09000018,3.980451256880966,4
Islington,16,18,high,E09000019,9.768424147249302,4
Kensington and Chelsea,16,18,high,E09000020,7.123254169117759,4
Lambeth,14,18,high,E09000022,9.44585676371717,4
Lewisham,15,18,high,E09000023,7.5573276304535675,4
Merton,16,18,high,E09000024,2.0611636463987035,4
Newham,14,18,high,E09000025,11.451193487371832,4
Redbridge,16,18,high,E09000026,2.374360297153171,4
City of London,16,18,high,E09000001,11.90980503714859,4
Lincoln,17,18,high,E07000138,3.1223998676777054,4
Isles of Scilly,6,7,medium,E06000053,7.604549825454618,4
Cambridge,16,18,high,E07000008,3.2358150970934485,4
Burnley,17,18,high,E07000117,2.613871979479965,4
Preston,17,18,high,E07000123,2.0327527334270448,4
Watford,17,18,high,E07000103,3.433614943632651,4
Copeland,17,18,high,E07000029,2.008612228144301,4
Eden,17,18,high,E07000030,3.6553240656108814,4
Luton,17,18,high,E06000032,3.9804046577667744,4
Hackney,15,18,high,E09000012,12.217108624431832,4
Hammersmith and Fulham,16,18,high,E09000013,7.84447840203756,4
Haringey,16,18,high,E09000014,9.397198239249485,4
Christchurch,17,18,high,E07000048,3.093059528523564,4
Eastbourne,17,18,high,E07000061,2.168836900250473,4
Hastings,17,18,high,E07000062,4.271475486109923,4
Middlesbrough,17,18,high,E06000002,5.057711768263648,4
Blackburn with Darwen,17,18,high,E06000008,3.0128761878254906,4
